name,value,year,lastValue,rank
fuerte,31,2012.080000,31,1
groovy,NA,2012.080000,NA,2
hydro,NA,2012.080000,NA,3
indigo,NA,2012.080000,NA,4
jade,NA,2012.080000,NA,5
kinetic,NA,2012.080000,NA,6
lunar,NA,2012.080000,NA,7
melodic,NA,2012.080000,NA,8
ardent,NA,2012.080000,NA,10
bouncy,NA,2012.080000,NA,11
crystal,NA,2012.080000,NA,12
dashing,NA,2012.080000,NA,13
eloquent,NA,2012.080000,NA,14
fuerte,39,2012.160000,31,1
groovy,NA,2012.160000,NA,2
hydro,NA,2012.160000,NA,3
indigo,NA,2012.160000,NA,4
jade,NA,2012.160000,NA,5
kinetic,NA,2012.160000,NA,6
lunar,NA,2012.160000,NA,7
melodic,NA,2012.160000,NA,8
ardent,NA,2012.160000,NA,10
bouncy,NA,2012.160000,NA,11
crystal,NA,2012.160000,NA,12
dashing,NA,2012.160000,NA,13
eloquent,NA,2012.160000,NA,14
fuerte,46,2012.250000,39,1
groovy,NA,2012.250000,NA,2
hydro,NA,2012.250000,NA,3
indigo,NA,2012.250000,NA,4
jade,NA,2012.250000,NA,5
kinetic,NA,2012.250000,NA,6
lunar,NA,2012.250000,NA,7
melodic,NA,2012.250000,NA,8
ardent,NA,2012.250000,NA,10
bouncy,NA,2012.250000,NA,11
crystal,NA,2012.250000,NA,12
dashing,NA,2012.250000,NA,13
eloquent,NA,2012.250000,NA,14
fuerte,50,2012.330000,46,1
groovy,NA,2012.330000,NA,2
hydro,NA,2012.330000,NA,3
indigo,NA,2012.330000,NA,4
jade,NA,2012.330000,NA,5
kinetic,NA,2012.330000,NA,6
lunar,NA,2012.330000,NA,7
melodic,NA,2012.330000,NA,8
ardent,NA,2012.330000,NA,10
bouncy,NA,2012.330000,NA,11
crystal,NA,2012.330000,NA,12
dashing,NA,2012.330000,NA,13
eloquent,NA,2012.330000,NA,14
fuerte,59,2012.410000,50,1
groovy,NA,2012.410000,NA,2
hydro,NA,2012.410000,NA,3
indigo,NA,2012.410000,NA,4
jade,NA,2012.410000,NA,5
kinetic,NA,2012.410000,NA,6
lunar,NA,2012.410000,NA,7
melodic,NA,2012.410000,NA,8
ardent,NA,2012.410000,NA,10
bouncy,NA,2012.410000,NA,11
crystal,NA,2012.410000,NA,12
dashing,NA,2012.410000,NA,13
eloquent,NA,2012.410000,NA,14
fuerte,161,2012.500000,59,1
groovy,NA,2012.500000,NA,2
hydro,NA,2012.500000,NA,3
indigo,NA,2012.500000,NA,4
jade,NA,2012.500000,NA,5
kinetic,NA,2012.500000,NA,6
lunar,NA,2012.500000,NA,7
melodic,NA,2012.500000,NA,8
ardent,NA,2012.500000,NA,10
bouncy,NA,2012.500000,NA,11
crystal,NA,2012.500000,NA,12
dashing,NA,2012.500000,NA,13
eloquent,NA,2012.500000,NA,14
fuerte,189,2012.580000,161,1
groovy,16,2012.580000,NA,2
hydro,NA,2012.580000,NA,3
indigo,NA,2012.580000,NA,4
jade,NA,2012.580000,NA,5
kinetic,NA,2012.580000,NA,6
lunar,NA,2012.580000,NA,7
melodic,NA,2012.580000,NA,8
ardent,NA,2012.580000,NA,10
bouncy,NA,2012.580000,NA,11
crystal,NA,2012.580000,NA,12
dashing,NA,2012.580000,NA,13
eloquent,NA,2012.580000,NA,14
fuerte,211,2012.660000,189,1
groovy,73,2012.660000,16,2
hydro,NA,2012.660000,NA,3
indigo,NA,2012.660000,NA,4
jade,NA,2012.660000,NA,5
kinetic,NA,2012.660000,NA,6
lunar,NA,2012.660000,NA,7
melodic,NA,2012.660000,NA,8
ardent,NA,2012.660000,NA,10
bouncy,NA,2012.660000,NA,11
crystal,NA,2012.660000,NA,12
dashing,NA,2012.660000,NA,13
eloquent,NA,2012.660000,NA,14
fuerte,247,2012.750000,211,2
groovy,298,2012.750000,73,1
hydro,NA,2012.750000,NA,3
indigo,NA,2012.750000,NA,4
jade,NA,2012.750000,NA,5
kinetic,NA,2012.750000,NA,6
lunar,NA,2012.750000,NA,7
melodic,NA,2012.750000,NA,8
ardent,NA,2012.750000,NA,10
bouncy,NA,2012.750000,NA,11
crystal,NA,2012.750000,NA,12
dashing,NA,2012.750000,NA,13
eloquent,NA,2012.750000,NA,14
fuerte,277,2012.830000,247,2
groovy,653,2012.830000,298,1
hydro,NA,2012.830000,NA,3
indigo,NA,2012.830000,NA,4
jade,NA,2012.830000,NA,5
kinetic,NA,2012.830000,NA,6
lunar,NA,2012.830000,NA,7
melodic,NA,2012.830000,NA,8
ardent,NA,2012.830000,NA,10
bouncy,NA,2012.830000,NA,11
crystal,NA,2012.830000,NA,12
dashing,NA,2012.830000,NA,13
eloquent,NA,2012.830000,NA,14
fuerte,317,2012.910000,277,2
groovy,930,2012.910000,653,1
hydro,NA,2012.910000,NA,3
indigo,NA,2012.910000,NA,4
jade,NA,2012.910000,NA,5
kinetic,NA,2012.910000,NA,6
lunar,NA,2012.910000,NA,7
melodic,NA,2012.910000,NA,8
ardent,NA,2012.910000,NA,10
bouncy,NA,2012.910000,NA,11
crystal,NA,2012.910000,NA,12
dashing,NA,2012.910000,NA,13
eloquent,NA,2012.910000,NA,14
fuerte,325,2013.000000,317,2
groovy,1138,2013.000000,930,1
hydro,NA,2013.000000,NA,3
indigo,NA,2013.000000,NA,4
jade,NA,2013.000000,NA,5
kinetic,NA,2013.000000,NA,6
lunar,NA,2013.000000,NA,7
melodic,NA,2013.000000,NA,8
ardent,NA,2013.000000,NA,10
bouncy,NA,2013.000000,NA,11
crystal,NA,2013.000000,NA,12
dashing,NA,2013.000000,NA,13
eloquent,NA,2013.000000,NA,14
fuerte,383,2013.080000,325,2
groovy,1318,2013.080000,1138,1
hydro,NA,2013.080000,NA,3
indigo,NA,2013.080000,NA,4
jade,NA,2013.080000,NA,5
kinetic,NA,2013.080000,NA,6
lunar,NA,2013.080000,NA,7
melodic,NA,2013.080000,NA,8
ardent,NA,2013.080000,NA,10
bouncy,NA,2013.080000,NA,11
crystal,NA,2013.080000,NA,12
dashing,NA,2013.080000,NA,13
eloquent,NA,2013.080000,NA,14
fuerte,418,2013.160000,383,2
groovy,1427,2013.160000,1318,1
hydro,12,2013.160000,NA,3
indigo,NA,2013.160000,NA,4
jade,NA,2013.160000,NA,5
kinetic,NA,2013.160000,NA,6
lunar,NA,2013.160000,NA,7
melodic,NA,2013.160000,NA,8
ardent,NA,2013.160000,NA,10
bouncy,NA,2013.160000,NA,11
crystal,NA,2013.160000,NA,12
dashing,NA,2013.160000,NA,13
eloquent,NA,2013.160000,NA,14
fuerte,441,2013.250000,418,2
groovy,1546,2013.250000,1427,1
hydro,103,2013.250000,12,3
indigo,NA,2013.250000,NA,4
jade,NA,2013.250000,NA,5
kinetic,NA,2013.250000,NA,6
lunar,NA,2013.250000,NA,7
melodic,NA,2013.250000,NA,8
ardent,NA,2013.250000,NA,10
bouncy,NA,2013.250000,NA,11
crystal,NA,2013.250000,NA,12
dashing,NA,2013.250000,NA,13
eloquent,NA,2013.250000,NA,14
fuerte,450,2013.330000,441,2
groovy,1688,2013.330000,1546,1
hydro,229,2013.330000,103,3
indigo,NA,2013.330000,NA,4
jade,NA,2013.330000,NA,5
kinetic,NA,2013.330000,NA,6
lunar,NA,2013.330000,NA,7
melodic,NA,2013.330000,NA,8
ardent,NA,2013.330000,NA,10
bouncy,NA,2013.330000,NA,11
crystal,NA,2013.330000,NA,12
dashing,NA,2013.330000,NA,13
eloquent,NA,2013.330000,NA,14
fuerte,456,2013.410000,450,2
groovy,1857,2013.410000,1688,1
hydro,318,2013.410000,229,3
indigo,NA,2013.410000,NA,4
jade,NA,2013.410000,NA,5
kinetic,NA,2013.410000,NA,6
lunar,NA,2013.410000,NA,7
melodic,NA,2013.410000,NA,8
ardent,NA,2013.410000,NA,10
bouncy,NA,2013.410000,NA,11
crystal,NA,2013.410000,NA,12
dashing,NA,2013.410000,NA,13
eloquent,NA,2013.410000,NA,14
fuerte,456,2013.500000,456,3
groovy,1952,2013.500000,1857,1
hydro,491,2013.500000,318,2
indigo,NA,2013.500000,NA,4
jade,NA,2013.500000,NA,5
kinetic,NA,2013.500000,NA,6
lunar,NA,2013.500000,NA,7
melodic,NA,2013.500000,NA,8
ardent,NA,2013.500000,NA,10
bouncy,NA,2013.500000,NA,11
crystal,NA,2013.500000,NA,12
dashing,NA,2013.500000,NA,13
eloquent,NA,2013.500000,NA,14
fuerte,457,2013.580000,456,3
groovy,2056,2013.580000,1952,1
hydro,901,2013.580000,491,2
indigo,NA,2013.580000,NA,4
jade,NA,2013.580000,NA,5
kinetic,NA,2013.580000,NA,6
lunar,NA,2013.580000,NA,7
melodic,NA,2013.580000,NA,8
ardent,NA,2013.580000,NA,10
bouncy,NA,2013.580000,NA,11
crystal,NA,2013.580000,NA,12
dashing,NA,2013.580000,NA,13
eloquent,NA,2013.580000,NA,14
fuerte,459,2013.660000,457,3
groovy,2164,2013.660000,2056,1
hydro,1163,2013.660000,901,2
indigo,NA,2013.660000,NA,4
jade,NA,2013.660000,NA,5
kinetic,NA,2013.660000,NA,6
lunar,NA,2013.660000,NA,7
melodic,NA,2013.660000,NA,8
ardent,NA,2013.660000,NA,10
bouncy,NA,2013.660000,NA,11
crystal,NA,2013.660000,NA,12
dashing,NA,2013.660000,NA,13
eloquent,NA,2013.660000,NA,14
fuerte,460,2013.750000,459,3
groovy,2257,2013.750000,2164,1
hydro,1404,2013.750000,1163,2
indigo,NA,2013.750000,NA,4
jade,NA,2013.750000,NA,5
kinetic,NA,2013.750000,NA,6
lunar,NA,2013.750000,NA,7
melodic,NA,2013.750000,NA,8
ardent,NA,2013.750000,NA,10
bouncy,NA,2013.750000,NA,11
crystal,NA,2013.750000,NA,12
dashing,NA,2013.750000,NA,13
eloquent,NA,2013.750000,NA,14
fuerte,460,2013.830000,460,3
groovy,2319,2013.830000,2257,1
hydro,1593,2013.830000,1404,2
indigo,NA,2013.830000,NA,4
jade,NA,2013.830000,NA,5
kinetic,NA,2013.830000,NA,6
lunar,NA,2013.830000,NA,7
melodic,NA,2013.830000,NA,8
ardent,NA,2013.830000,NA,10
bouncy,NA,2013.830000,NA,11
crystal,NA,2013.830000,NA,12
dashing,NA,2013.830000,NA,13
eloquent,NA,2013.830000,NA,14
fuerte,460,2013.910000,460,3
groovy,2367,2013.910000,2319,1
hydro,1724,2013.910000,1593,2
indigo,NA,2013.910000,NA,4
jade,NA,2013.910000,NA,5
kinetic,NA,2013.910000,NA,6
lunar,NA,2013.910000,NA,7
melodic,NA,2013.910000,NA,8
ardent,NA,2013.910000,NA,10
bouncy,NA,2013.910000,NA,11
crystal,NA,2013.910000,NA,12
dashing,NA,2013.910000,NA,13
eloquent,NA,2013.910000,NA,14
fuerte,460,2014.000000,460,3
groovy,2400,2014.000000,2367,1
hydro,1834,2014.000000,1724,2
indigo,NA,2014.000000,NA,4
jade,NA,2014.000000,NA,5
kinetic,NA,2014.000000,NA,6
lunar,NA,2014.000000,NA,7
melodic,NA,2014.000000,NA,8
ardent,NA,2014.000000,NA,10
bouncy,NA,2014.000000,NA,11
crystal,NA,2014.000000,NA,12
dashing,NA,2014.000000,NA,13
eloquent,NA,2014.000000,NA,14
fuerte,460,2014.080000,460,3
groovy,2445,2014.080000,2400,1
hydro,2012,2014.080000,1834,2
indigo,20,2014.080000,NA,4
jade,NA,2014.080000,NA,5
kinetic,NA,2014.080000,NA,6
lunar,NA,2014.080000,NA,7
melodic,NA,2014.080000,NA,8
ardent,NA,2014.080000,NA,10
bouncy,NA,2014.080000,NA,11
crystal,NA,2014.080000,NA,12
dashing,NA,2014.080000,NA,13
eloquent,NA,2014.080000,NA,14
fuerte,460,2014.160000,460,3
groovy,2492,2014.160000,2445,1
hydro,2209,2014.160000,2012,2
indigo,178,2014.160000,20,4
jade,NA,2014.160000,NA,5
kinetic,NA,2014.160000,NA,6
lunar,NA,2014.160000,NA,7
melodic,NA,2014.160000,NA,8
ardent,NA,2014.160000,NA,10
bouncy,NA,2014.160000,NA,11
crystal,NA,2014.160000,NA,12
dashing,NA,2014.160000,NA,13
eloquent,NA,2014.160000,NA,14
fuerte,460,2014.250000,460,3
groovy,2568,2014.250000,2492,1
hydro,2470,2014.250000,2209,2
indigo,277,2014.250000,178,4
jade,NA,2014.250000,NA,5
kinetic,NA,2014.250000,NA,6
lunar,NA,2014.250000,NA,7
melodic,NA,2014.250000,NA,8
ardent,NA,2014.250000,NA,10
bouncy,NA,2014.250000,NA,11
crystal,NA,2014.250000,NA,12
dashing,NA,2014.250000,NA,13
eloquent,NA,2014.250000,NA,14
fuerte,460,2014.330000,460,3
groovy,2691,2014.330000,2568,2
hydro,2703,2014.330000,2470,1
indigo,416,2014.330000,277,4
jade,NA,2014.330000,NA,5
kinetic,NA,2014.330000,NA,6
lunar,NA,2014.330000,NA,7
melodic,NA,2014.330000,NA,8
ardent,NA,2014.330000,NA,10
bouncy,NA,2014.330000,NA,11
crystal,NA,2014.330000,NA,12
dashing,NA,2014.330000,NA,13
eloquent,NA,2014.330000,NA,14
fuerte,460,2014.410000,460,4
groovy,2787,2014.410000,2691,2
hydro,2942,2014.410000,2703,1
indigo,639,2014.410000,416,3
jade,NA,2014.410000,NA,5
kinetic,NA,2014.410000,NA,6
lunar,NA,2014.410000,NA,7
melodic,NA,2014.410000,NA,8
ardent,NA,2014.410000,NA,10
bouncy,NA,2014.410000,NA,11
crystal,NA,2014.410000,NA,12
dashing,NA,2014.410000,NA,13
eloquent,NA,2014.410000,NA,14
fuerte,460,2014.500000,460,4
groovy,2819,2014.500000,2787,2
hydro,3100,2014.500000,2942,1
indigo,770,2014.500000,639,3
jade,NA,2014.500000,NA,5
kinetic,NA,2014.500000,NA,6
lunar,NA,2014.500000,NA,7
melodic,NA,2014.500000,NA,8
ardent,NA,2014.500000,NA,10
bouncy,NA,2014.500000,NA,11
crystal,NA,2014.500000,NA,12
dashing,NA,2014.500000,NA,13
eloquent,NA,2014.500000,NA,14
fuerte,460,2014.580000,460,4
groovy,2866,2014.580000,2819,2
hydro,3241,2014.580000,3100,1
indigo,912,2014.580000,770,3
jade,NA,2014.580000,NA,5
kinetic,NA,2014.580000,NA,6
lunar,NA,2014.580000,NA,7
melodic,NA,2014.580000,NA,8
ardent,NA,2014.580000,NA,10
bouncy,NA,2014.580000,NA,11
crystal,NA,2014.580000,NA,12
dashing,NA,2014.580000,NA,13
eloquent,NA,2014.580000,NA,14
fuerte,460,2014.660000,460,4
groovy,2923,2014.660000,2866,2
hydro,3351,2014.660000,3241,1
indigo,1078,2014.660000,912,3
jade,NA,2014.660000,NA,5
kinetic,NA,2014.660000,NA,6
lunar,NA,2014.660000,NA,7
melodic,NA,2014.660000,NA,8
ardent,NA,2014.660000,NA,10
bouncy,NA,2014.660000,NA,11
crystal,NA,2014.660000,NA,12
dashing,NA,2014.660000,NA,13
eloquent,NA,2014.660000,NA,14
fuerte,460,2014.750000,460,4
groovy,2973,2014.750000,2923,2
hydro,3567,2014.750000,3351,1
indigo,1329,2014.750000,1078,3
jade,NA,2014.750000,NA,5
kinetic,NA,2014.750000,NA,6
lunar,NA,2014.750000,NA,7
melodic,NA,2014.750000,NA,8
ardent,NA,2014.750000,NA,10
bouncy,NA,2014.750000,NA,11
crystal,NA,2014.750000,NA,12
dashing,NA,2014.750000,NA,13
eloquent,NA,2014.750000,NA,14
fuerte,460,2014.830000,460,4
groovy,2974,2014.830000,2973,2
hydro,3727,2014.830000,3567,1
indigo,1493,2014.830000,1329,3
jade,NA,2014.830000,NA,5
kinetic,NA,2014.830000,NA,6
lunar,NA,2014.830000,NA,7
melodic,NA,2014.830000,NA,8
ardent,NA,2014.830000,NA,10
bouncy,NA,2014.830000,NA,11
crystal,NA,2014.830000,NA,12
dashing,NA,2014.830000,NA,13
eloquent,NA,2014.830000,NA,14
fuerte,460,2014.910000,460,4
groovy,2977,2014.910000,2974,2
hydro,3860,2014.910000,3727,1
indigo,1646,2014.910000,1493,3
jade,NA,2014.910000,NA,5
kinetic,NA,2014.910000,NA,6
lunar,NA,2014.910000,NA,7
melodic,NA,2014.910000,NA,8
ardent,NA,2014.910000,NA,10
bouncy,NA,2014.910000,NA,11
crystal,NA,2014.910000,NA,12
dashing,NA,2014.910000,NA,13
eloquent,NA,2014.910000,NA,14
fuerte,460,2015.000000,460,4
groovy,2977,2015.000000,2977,2
hydro,3974,2015.000000,3860,1
indigo,1879,2015.000000,1646,3
jade,43,2015.000000,NA,5
kinetic,NA,2015.000000,NA,6
lunar,NA,2015.000000,NA,7
melodic,NA,2015.000000,NA,8
ardent,NA,2015.000000,NA,10
bouncy,NA,2015.000000,NA,11
crystal,NA,2015.000000,NA,12
dashing,NA,2015.000000,NA,13
eloquent,NA,2015.000000,NA,14
fuerte,460,2015.080000,460,4
groovy,2980,2015.080000,2977,2
hydro,4067,2015.080000,3974,1
indigo,2106,2015.080000,1879,3
jade,60,2015.080000,43,5
kinetic,NA,2015.080000,NA,6
lunar,NA,2015.080000,NA,7
melodic,NA,2015.080000,NA,8
ardent,NA,2015.080000,NA,10
bouncy,NA,2015.080000,NA,11
crystal,NA,2015.080000,NA,12
dashing,NA,2015.080000,NA,13
eloquent,NA,2015.080000,NA,14
fuerte,460,2015.160000,460,4
groovy,2980,2015.160000,2980,2
hydro,4173,2015.160000,4067,1
indigo,2326,2015.160000,2106,3
jade,102,2015.160000,60,5
kinetic,NA,2015.160000,NA,6
lunar,NA,2015.160000,NA,7
melodic,NA,2015.160000,NA,8
ardent,NA,2015.160000,NA,10
bouncy,NA,2015.160000,NA,11
crystal,NA,2015.160000,NA,12
dashing,NA,2015.160000,NA,13
eloquent,NA,2015.160000,NA,14
fuerte,460,2015.250000,460,4
groovy,2982,2015.250000,2980,2
hydro,4278,2015.250000,4173,1
indigo,2502,2015.250000,2326,3
jade,143,2015.250000,102,5
kinetic,NA,2015.250000,NA,6
lunar,NA,2015.250000,NA,7
melodic,NA,2015.250000,NA,8
ardent,NA,2015.250000,NA,10
bouncy,NA,2015.250000,NA,11
crystal,NA,2015.250000,NA,12
dashing,NA,2015.250000,NA,13
eloquent,NA,2015.250000,NA,14
fuerte,460,2015.330000,460,4
groovy,2982,2015.330000,2982,2
hydro,4396,2015.330000,4278,1
indigo,2739,2015.330000,2502,3
jade,307,2015.330000,143,5
kinetic,NA,2015.330000,NA,6
lunar,NA,2015.330000,NA,7
melodic,NA,2015.330000,NA,8
ardent,NA,2015.330000,NA,10
bouncy,NA,2015.330000,NA,11
crystal,NA,2015.330000,NA,12
dashing,NA,2015.330000,NA,13
eloquent,NA,2015.330000,NA,14
fuerte,460,2015.410000,460,4
groovy,2982,2015.410000,2982,2
hydro,4463,2015.410000,4396,1
indigo,2893,2015.410000,2739,3
jade,398,2015.410000,307,5
kinetic,NA,2015.410000,NA,6
lunar,NA,2015.410000,NA,7
melodic,NA,2015.410000,NA,8
ardent,NA,2015.410000,NA,10
bouncy,NA,2015.410000,NA,11
crystal,NA,2015.410000,NA,12
dashing,NA,2015.410000,NA,13
eloquent,NA,2015.410000,NA,14
fuerte,460,2015.500000,460,4
groovy,2984,2015.500000,2982,3
hydro,4505,2015.500000,4463,1
indigo,3057,2015.500000,2893,2
jade,449,2015.500000,398,5
kinetic,NA,2015.500000,NA,6
lunar,NA,2015.500000,NA,7
melodic,NA,2015.500000,NA,8
ardent,NA,2015.500000,NA,10
bouncy,NA,2015.500000,NA,11
crystal,NA,2015.500000,NA,12
dashing,NA,2015.500000,NA,13
eloquent,NA,2015.500000,NA,14
fuerte,460,2015.580000,460,5
groovy,2985,2015.580000,2984,3
hydro,4531,2015.580000,4505,1
indigo,3198,2015.580000,3057,2
jade,521,2015.580000,449,4
kinetic,NA,2015.580000,NA,6
lunar,NA,2015.580000,NA,7
melodic,NA,2015.580000,NA,8
ardent,NA,2015.580000,NA,10
bouncy,NA,2015.580000,NA,11
crystal,NA,2015.580000,NA,12
dashing,NA,2015.580000,NA,13
eloquent,NA,2015.580000,NA,14
fuerte,460,2015.660000,460,5
groovy,2986,2015.660000,2985,3
hydro,4585,2015.660000,4531,1
indigo,3351,2015.660000,3198,2
jade,615,2015.660000,521,4
kinetic,NA,2015.660000,NA,6
lunar,NA,2015.660000,NA,7
melodic,NA,2015.660000,NA,8
ardent,NA,2015.660000,NA,10
bouncy,NA,2015.660000,NA,11
crystal,NA,2015.660000,NA,12
dashing,NA,2015.660000,NA,13
eloquent,NA,2015.660000,NA,14
fuerte,460,2015.750000,460,5
groovy,2986,2015.750000,2986,3
hydro,4609,2015.750000,4585,1
indigo,3492,2015.750000,3351,2
jade,671,2015.750000,615,4
kinetic,NA,2015.750000,NA,6
lunar,NA,2015.750000,NA,7
melodic,NA,2015.750000,NA,8
ardent,NA,2015.750000,NA,10
bouncy,NA,2015.750000,NA,11
crystal,NA,2015.750000,NA,12
dashing,NA,2015.750000,NA,13
eloquent,NA,2015.750000,NA,14
fuerte,460,2015.830000,460,5
groovy,2986,2015.830000,2986,3
hydro,4609,2015.830000,4609,1
indigo,3599,2015.830000,3492,2
jade,713,2015.830000,671,4
kinetic,NA,2015.830000,NA,6
lunar,NA,2015.830000,NA,7
melodic,NA,2015.830000,NA,8
ardent,NA,2015.830000,NA,10
bouncy,NA,2015.830000,NA,11
crystal,NA,2015.830000,NA,12
dashing,NA,2015.830000,NA,13
eloquent,NA,2015.830000,NA,14
fuerte,460,2015.910000,460,5
groovy,2986,2015.910000,2986,3
hydro,4609,2015.910000,4609,1
indigo,3717,2015.910000,3599,2
jade,768,2015.910000,713,4
kinetic,NA,2015.910000,NA,6
lunar,NA,2015.910000,NA,7
melodic,NA,2015.910000,NA,8
ardent,NA,2015.910000,NA,10
bouncy,NA,2015.910000,NA,11
crystal,NA,2015.910000,NA,12
dashing,NA,2015.910000,NA,13
eloquent,NA,2015.910000,NA,14
fuerte,460,2016.000000,460,5
groovy,2986,2016.000000,2986,3
hydro,4617,2016.000000,4609,1
indigo,3899,2016.000000,3717,2
jade,848,2016.000000,768,4
kinetic,NA,2016.000000,NA,6
lunar,NA,2016.000000,NA,7
melodic,NA,2016.000000,NA,8
ardent,NA,2016.000000,NA,10
bouncy,NA,2016.000000,NA,11
crystal,NA,2016.000000,NA,12
dashing,NA,2016.000000,NA,13
eloquent,NA,2016.000000,NA,14
fuerte,460,2016.080000,460,5
groovy,2986,2016.080000,2986,3
hydro,4617,2016.080000,4617,1
indigo,4034,2016.080000,3899,2
jade,911,2016.080000,848,4
kinetic,NA,2016.080000,NA,6
lunar,NA,2016.080000,NA,7
melodic,NA,2016.080000,NA,8
ardent,NA,2016.080000,NA,10
bouncy,NA,2016.080000,NA,11
crystal,NA,2016.080000,NA,12
dashing,NA,2016.080000,NA,13
eloquent,NA,2016.080000,NA,14
fuerte,460,2016.160000,460,5
groovy,2986,2016.160000,2986,3
hydro,4624,2016.160000,4617,1
indigo,4154,2016.160000,4034,2
jade,987,2016.160000,911,4
kinetic,1,2016.160000,NA,6
lunar,NA,2016.160000,NA,7
melodic,NA,2016.160000,NA,8
ardent,NA,2016.160000,NA,10
bouncy,NA,2016.160000,NA,11
crystal,NA,2016.160000,NA,12
dashing,NA,2016.160000,NA,13
eloquent,NA,2016.160000,NA,14
fuerte,460,2016.250000,460,5
groovy,2990,2016.250000,2986,3
hydro,4631,2016.250000,4624,1
indigo,4314,2016.250000,4154,2
jade,1074,2016.250000,987,4
kinetic,99,2016.250000,1,6
lunar,NA,2016.250000,NA,7
melodic,NA,2016.250000,NA,8
ardent,NA,2016.250000,NA,10
bouncy,NA,2016.250000,NA,11
crystal,NA,2016.250000,NA,12
dashing,NA,2016.250000,NA,13
eloquent,NA,2016.250000,NA,14
fuerte,460,2016.330000,460,5
groovy,2990,2016.330000,2990,3
hydro,4631,2016.330000,4631,1
indigo,4458,2016.330000,4314,2
jade,1167,2016.330000,1074,4
kinetic,253,2016.330000,99,6
lunar,NA,2016.330000,NA,7
melodic,NA,2016.330000,NA,8
ardent,NA,2016.330000,NA,10
bouncy,NA,2016.330000,NA,11
crystal,NA,2016.330000,NA,12
dashing,NA,2016.330000,NA,13
eloquent,NA,2016.330000,NA,14
fuerte,460,2016.410000,460,5
groovy,2990,2016.410000,2990,3
hydro,4632,2016.410000,4631,1
indigo,4610,2016.410000,4458,2
jade,1221,2016.410000,1167,4
kinetic,372,2016.410000,253,6
lunar,NA,2016.410000,NA,7
melodic,NA,2016.410000,NA,8
ardent,NA,2016.410000,NA,10
bouncy,NA,2016.410000,NA,11
crystal,NA,2016.410000,NA,12
dashing,NA,2016.410000,NA,13
eloquent,NA,2016.410000,NA,14
fuerte,460,2016.500000,460,6
groovy,2990,2016.500000,2990,3
hydro,4632,2016.500000,4632,2
indigo,4770,2016.500000,4610,1
jade,1283,2016.500000,1221,4
kinetic,475,2016.500000,372,5
lunar,NA,2016.500000,NA,7
melodic,NA,2016.500000,NA,8
ardent,NA,2016.500000,NA,10
bouncy,NA,2016.500000,NA,11
crystal,NA,2016.500000,NA,12
dashing,NA,2016.500000,NA,13
eloquent,NA,2016.500000,NA,14
fuerte,460,2016.580000,460,6
groovy,2990,2016.580000,2990,3
hydro,4634,2016.580000,4632,2
indigo,4871,2016.580000,4770,1
jade,1329,2016.580000,1283,4
kinetic,549,2016.580000,475,5
lunar,NA,2016.580000,NA,7
melodic,NA,2016.580000,NA,8
ardent,NA,2016.580000,NA,10
bouncy,NA,2016.580000,NA,11
crystal,NA,2016.580000,NA,12
dashing,NA,2016.580000,NA,13
eloquent,NA,2016.580000,NA,14
fuerte,460,2016.660000,460,6
groovy,2990,2016.660000,2990,3
hydro,4634,2016.660000,4634,2
indigo,4989,2016.660000,4871,1
jade,1384,2016.660000,1329,4
kinetic,669,2016.660000,549,5
lunar,NA,2016.660000,NA,7
melodic,NA,2016.660000,NA,8
ardent,NA,2016.660000,NA,10
bouncy,NA,2016.660000,NA,11
crystal,NA,2016.660000,NA,12
dashing,NA,2016.660000,NA,13
eloquent,NA,2016.660000,NA,14
fuerte,460,2016.750000,460,6
groovy,2990,2016.750000,2990,3
hydro,4634,2016.750000,4634,2
indigo,5102,2016.750000,4989,1
jade,1457,2016.750000,1384,4
kinetic,786,2016.750000,669,5
lunar,NA,2016.750000,NA,7
melodic,NA,2016.750000,NA,8
ardent,NA,2016.750000,NA,10
bouncy,NA,2016.750000,NA,11
crystal,NA,2016.750000,NA,12
dashing,NA,2016.750000,NA,13
eloquent,NA,2016.750000,NA,14
fuerte,460,2016.830000,460,6
groovy,2990,2016.830000,2990,3
hydro,4634,2016.830000,4634,2
indigo,5237,2016.830000,5102,1
jade,1501,2016.830000,1457,4
kinetic,870,2016.830000,786,5
lunar,NA,2016.830000,NA,7
melodic,NA,2016.830000,NA,8
ardent,NA,2016.830000,NA,10
bouncy,NA,2016.830000,NA,11
crystal,NA,2016.830000,NA,12
dashing,NA,2016.830000,NA,13
eloquent,NA,2016.830000,NA,14
fuerte,460,2016.910000,460,6
groovy,2990,2016.910000,2990,3
hydro,4634,2016.910000,4634,2
indigo,5330,2016.910000,5237,1
jade,1553,2016.910000,1501,4
kinetic,965,2016.910000,870,5
lunar,NA,2016.910000,NA,7
melodic,NA,2016.910000,NA,8
ardent,NA,2016.910000,NA,10
bouncy,NA,2016.910000,NA,11
crystal,NA,2016.910000,NA,12
dashing,NA,2016.910000,NA,13
eloquent,NA,2016.910000,NA,14
fuerte,460,2017.000000,460,6
groovy,2990,2017.000000,2990,3
hydro,4634,2017.000000,4634,2
indigo,5406,2017.000000,5330,1
jade,1579,2017.000000,1553,4
kinetic,1049,2017.000000,965,5
lunar,NA,2017.000000,NA,7
melodic,NA,2017.000000,NA,8
ardent,NA,2017.000000,NA,10
bouncy,NA,2017.000000,NA,11
crystal,NA,2017.000000,NA,12
dashing,NA,2017.000000,NA,13
eloquent,NA,2017.000000,NA,14
fuerte,460,2017.080000,460,6
groovy,2990,2017.080000,2990,3
hydro,4634,2017.080000,4634,2
indigo,5495,2017.080000,5406,1
jade,1634,2017.080000,1579,4
kinetic,1135,2017.080000,1049,5
lunar,1,2017.080000,NA,7
melodic,NA,2017.080000,NA,8
ardent,NA,2017.080000,NA,10
bouncy,NA,2017.080000,NA,11
crystal,NA,2017.080000,NA,12
dashing,NA,2017.080000,NA,13
eloquent,NA,2017.080000,NA,14
fuerte,460,2017.160000,460,6
groovy,2990,2017.160000,2990,3
hydro,4634,2017.160000,4634,2
indigo,5586,2017.160000,5495,1
jade,1681,2017.160000,1634,4
kinetic,1240,2017.160000,1135,5
lunar,45,2017.160000,1,7
melodic,NA,2017.160000,NA,8
ardent,NA,2017.160000,NA,10
bouncy,NA,2017.160000,NA,11
crystal,NA,2017.160000,NA,12
dashing,NA,2017.160000,NA,13
eloquent,NA,2017.160000,NA,14
fuerte,460,2017.250000,460,6
groovy,2990,2017.250000,2990,3
hydro,4634,2017.250000,4634,2
indigo,5710,2017.250000,5586,1
jade,1751,2017.250000,1681,4
kinetic,1356,2017.250000,1240,5
lunar,94,2017.250000,45,7
melodic,NA,2017.250000,NA,8
ardent,NA,2017.250000,NA,10
bouncy,NA,2017.250000,NA,11
crystal,NA,2017.250000,NA,12
dashing,NA,2017.250000,NA,13
eloquent,NA,2017.250000,NA,14
fuerte,460,2017.330000,460,6
groovy,2990,2017.330000,2990,3
hydro,4634,2017.330000,4634,2
indigo,5811,2017.330000,5710,1
jade,1823,2017.330000,1751,4
kinetic,1497,2017.330000,1356,5
lunar,206,2017.330000,94,7
melodic,NA,2017.330000,NA,8
ardent,NA,2017.330000,NA,10
bouncy,NA,2017.330000,NA,11
crystal,NA,2017.330000,NA,12
dashing,NA,2017.330000,NA,13
eloquent,NA,2017.330000,NA,14
fuerte,460,2017.410000,460,6
groovy,2990,2017.410000,2990,3
hydro,4634,2017.410000,4634,2
indigo,5876,2017.410000,5811,1
jade,1860,2017.410000,1823,4
kinetic,1602,2017.410000,1497,5
lunar,254,2017.410000,206,7
melodic,NA,2017.410000,NA,8
ardent,NA,2017.410000,NA,10
bouncy,NA,2017.410000,NA,11
crystal,NA,2017.410000,NA,12
dashing,NA,2017.410000,NA,13
eloquent,NA,2017.410000,NA,14
fuerte,460,2017.500000,460,6
groovy,2990,2017.500000,2990,3
hydro,4634,2017.500000,4634,2
indigo,5937,2017.500000,5876,1
jade,1908,2017.500000,1860,4
kinetic,1709,2017.500000,1602,5
lunar,317,2017.500000,254,7
melodic,NA,2017.500000,NA,8
ardent,NA,2017.500000,NA,10
bouncy,NA,2017.500000,NA,11
crystal,NA,2017.500000,NA,12
dashing,NA,2017.500000,NA,13
eloquent,NA,2017.500000,NA,14
fuerte,460,2017.580000,460,6
groovy,2990,2017.580000,2990,3
hydro,4634,2017.580000,4634,2
indigo,6033,2017.580000,5937,1
jade,1931,2017.580000,1908,4
kinetic,1787,2017.580000,1709,5
lunar,354,2017.580000,317,7
melodic,NA,2017.580000,NA,8
ardent,NA,2017.580000,NA,10
bouncy,NA,2017.580000,NA,11
crystal,NA,2017.580000,NA,12
dashing,NA,2017.580000,NA,13
eloquent,NA,2017.580000,NA,14
fuerte,460,2017.660000,460,6
groovy,2992,2017.660000,2990,3
hydro,4636,2017.660000,4634,2
indigo,6083,2017.660000,6033,1
jade,1944,2017.660000,1931,4
kinetic,1874,2017.660000,1787,5
lunar,405,2017.660000,354,7
melodic,NA,2017.660000,NA,8
ardent,NA,2017.660000,NA,10
bouncy,NA,2017.660000,NA,11
crystal,NA,2017.660000,NA,12
dashing,NA,2017.660000,NA,13
eloquent,NA,2017.660000,NA,14
fuerte,460,2017.750000,460,6
groovy,2992,2017.750000,2992,3
hydro,4636,2017.750000,4636,2
indigo,6134,2017.750000,6083,1
jade,1947,2017.750000,1944,4
kinetic,1942,2017.750000,1874,5
lunar,434,2017.750000,405,7
melodic,NA,2017.750000,NA,8
ardent,NA,2017.750000,NA,10
bouncy,NA,2017.750000,NA,11
crystal,NA,2017.750000,NA,12
dashing,NA,2017.750000,NA,13
eloquent,NA,2017.750000,NA,14
fuerte,460,2017.830000,460,7
groovy,2992,2017.830000,2992,3
hydro,4636,2017.830000,4636,2
indigo,6191,2017.830000,6134,1
jade,1947,2017.830000,1947,5
kinetic,2038,2017.830000,1942,4
lunar,491,2017.830000,434,6
melodic,NA,2017.830000,NA,8
ardent,NA,2017.830000,NA,10
bouncy,NA,2017.830000,NA,11
crystal,NA,2017.830000,NA,12
dashing,NA,2017.830000,NA,13
eloquent,NA,2017.830000,NA,14
fuerte,460,2017.910000,460,7
groovy,2992,2017.910000,2992,3
hydro,4636,2017.910000,4636,2
indigo,6252,2017.910000,6191,1
jade,1947,2017.910000,1947,5
kinetic,2183,2017.910000,2038,4
lunar,565,2017.910000,491,6
melodic,NA,2017.910000,NA,8
ardent,NA,2017.910000,NA,10
bouncy,NA,2017.910000,NA,11
crystal,NA,2017.910000,NA,12
dashing,NA,2017.910000,NA,13
eloquent,NA,2017.910000,NA,14
fuerte,460,2018.000000,460,7
groovy,2992,2018.000000,2992,3
hydro,4636,2018.000000,4636,2
indigo,6290,2018.000000,6252,1
jade,1947,2018.000000,1947,5
kinetic,2265,2018.000000,2183,4
lunar,599,2018.000000,565,6
melodic,NA,2018.000000,NA,9
ardent,173,2018.000000,NA,8
bouncy,NA,2018.000000,NA,11
crystal,NA,2018.000000,NA,12
dashing,NA,2018.000000,NA,13
eloquent,NA,2018.000000,NA,14
fuerte,460,2018.080000,460,7
groovy,2992,2018.080000,2992,3
hydro,4636,2018.080000,4636,2
indigo,6365,2018.080000,6290,1
jade,1947,2018.080000,1947,5
kinetic,2357,2018.080000,2265,4
lunar,636,2018.080000,599,6
melodic,24,2018.080000,NA,9
ardent,173,2018.080000,173,8
bouncy,NA,2018.080000,NA,11
crystal,NA,2018.080000,NA,12
dashing,NA,2018.080000,NA,13
eloquent,NA,2018.080000,NA,14
fuerte,460,2018.160000,460,7
groovy,2992,2018.160000,2992,3
hydro,4636,2018.160000,4636,2
indigo,6403,2018.160000,6365,1
jade,1947,2018.160000,1947,5
kinetic,2452,2018.160000,2357,4
lunar,668,2018.160000,636,6
melodic,38,2018.160000,24,9
ardent,188,2018.160000,173,8
bouncy,NA,2018.160000,NA,11
crystal,NA,2018.160000,NA,12
dashing,NA,2018.160000,NA,13
eloquent,NA,2018.160000,NA,14
fuerte,460,2018.250000,460,7
groovy,2992,2018.250000,2992,3
hydro,4636,2018.250000,4636,2
indigo,6437,2018.250000,6403,1
jade,1947,2018.250000,1947,5
kinetic,2563,2018.250000,2452,4
lunar,702,2018.250000,668,6
melodic,105,2018.250000,38,9
ardent,191,2018.250000,188,8
bouncy,NA,2018.250000,NA,11
crystal,NA,2018.250000,NA,12
dashing,NA,2018.250000,NA,13
eloquent,NA,2018.250000,NA,14
fuerte,460,2018.330000,460,7
groovy,2992,2018.330000,2992,3
hydro,4636,2018.330000,4636,2
indigo,6505,2018.330000,6437,1
jade,1947,2018.330000,1947,5
kinetic,2725,2018.330000,2563,4
lunar,755,2018.330000,702,6
melodic,178,2018.330000,105,9
ardent,192,2018.330000,191,8
bouncy,NA,2018.330000,NA,11
crystal,NA,2018.330000,NA,12
dashing,NA,2018.330000,NA,13
eloquent,NA,2018.330000,NA,14
fuerte,460,2018.410000,460,7
groovy,2992,2018.410000,2992,3
hydro,4636,2018.410000,4636,2
indigo,6542,2018.410000,6505,1
jade,1947,2018.410000,1947,5
kinetic,2856,2018.410000,2725,4
lunar,812,2018.410000,755,6
melodic,319,2018.410000,178,8
ardent,192,2018.410000,192,9
bouncy,NA,2018.410000,NA,11
crystal,NA,2018.410000,NA,12
dashing,NA,2018.410000,NA,13
eloquent,NA,2018.410000,NA,14
fuerte,460,2018.500000,460,7
groovy,2992,2018.500000,2992,3
hydro,4636,2018.500000,4636,2
indigo,6579,2018.500000,6542,1
jade,1947,2018.500000,1947,5
kinetic,2955,2018.500000,2856,4
lunar,842,2018.500000,812,6
melodic,374,2018.500000,319,8
ardent,192,2018.500000,192,9
bouncy,150,2018.500000,NA,10
crystal,NA,2018.500000,NA,12
dashing,NA,2018.500000,NA,13
eloquent,NA,2018.500000,NA,14
fuerte,460,2018.580000,460,8
groovy,2992,2018.580000,2992,4
hydro,4636,2018.580000,4636,2
indigo,6651,2018.580000,6579,1
jade,1947,2018.580000,1947,5
kinetic,3073,2018.580000,2955,3
lunar,894,2018.580000,842,6
melodic,463,2018.580000,374,7
ardent,197,2018.580000,192,9
bouncy,173,2018.580000,150,10
crystal,NA,2018.580000,NA,12
dashing,NA,2018.580000,NA,13
eloquent,NA,2018.580000,NA,14
fuerte,460,2018.660000,460,8
groovy,2992,2018.660000,2992,4
hydro,4636,2018.660000,4636,2
indigo,6687,2018.660000,6651,1
jade,1947,2018.660000,1947,5
kinetic,3162,2018.660000,3073,3
lunar,972,2018.660000,894,6
melodic,548,2018.660000,463,7
ardent,199,2018.660000,197,9
bouncy,186,2018.660000,173,10
crystal,NA,2018.660000,NA,12
dashing,NA,2018.660000,NA,13
eloquent,NA,2018.660000,NA,14
fuerte,460,2018.750000,460,8
groovy,2992,2018.750000,2992,4
hydro,4636,2018.750000,4636,2
indigo,6702,2018.750000,6687,1
jade,1947,2018.750000,1947,5
kinetic,3210,2018.750000,3162,3
lunar,1006,2018.750000,972,6
melodic,617,2018.750000,548,7
ardent,199,2018.750000,199,9
bouncy,191,2018.750000,186,10
crystal,NA,2018.750000,NA,12
dashing,NA,2018.750000,NA,13
eloquent,NA,2018.750000,NA,14
fuerte,460,2018.830000,460,8
groovy,2992,2018.830000,2992,4
hydro,4636,2018.830000,4636,2
indigo,6729,2018.830000,6702,1
jade,1947,2018.830000,1947,5
kinetic,3275,2018.830000,3210,3
lunar,1027,2018.830000,1006,6
melodic,670,2018.830000,617,7
ardent,199,2018.830000,199,9
bouncy,197,2018.830000,191,10
crystal,NA,2018.830000,NA,12
dashing,NA,2018.830000,NA,13
eloquent,NA,2018.830000,NA,14
fuerte,460,2018.910000,460,8
groovy,2992,2018.910000,2992,4
hydro,4636,2018.910000,4636,2
indigo,6753,2018.910000,6729,1
jade,1947,2018.910000,1947,5
kinetic,3347,2018.910000,3275,3
lunar,1054,2018.910000,1027,6
melodic,716,2018.910000,670,7
ardent,199,2018.910000,199,9
bouncy,198,2018.910000,197,10
crystal,76,2018.910000,NA,11
dashing,NA,2018.910000,NA,13
eloquent,NA,2018.910000,NA,14
fuerte,460,2019.000000,460,8
groovy,2992,2019.000000,2992,4
hydro,4636,2019.000000,4636,2
indigo,6801,2019.000000,6753,1
jade,1947,2019.000000,1947,5
kinetic,3430,2019.000000,3347,3
lunar,1086,2019.000000,1054,6
melodic,792,2019.000000,716,7
ardent,199,2019.000000,199,11
bouncy,200,2019.000000,198,10
crystal,202,2019.000000,76,9
dashing,NA,2019.000000,NA,13
eloquent,NA,2019.000000,NA,14
fuerte,460,2019.080000,460,8
groovy,2992,2019.080000,2992,4
hydro,4636,2019.080000,4636,2
indigo,6842,2019.080000,6801,1
jade,1947,2019.080000,1947,5
kinetic,3541,2019.080000,3430,3
lunar,1117,2019.080000,1086,6
melodic,870,2019.080000,792,7
ardent,199,2019.080000,199,11
bouncy,201,2019.080000,200,10
crystal,238,2019.080000,202,9
dashing,NA,2019.080000,NA,13
eloquent,NA,2019.080000,NA,14
fuerte,460,2019.160000,460,8
groovy,2992,2019.160000,2992,4
hydro,4636,2019.160000,4636,2
indigo,6865,2019.160000,6842,1
jade,1947,2019.160000,1947,5
kinetic,3633,2019.160000,3541,3
lunar,1147,2019.160000,1117,6
melodic,956,2019.160000,870,7
ardent,199,2019.160000,199,11
bouncy,201,2019.160000,201,10
crystal,272,2019.160000,238,9
dashing,NA,2019.160000,NA,13
eloquent,NA,2019.160000,NA,14
fuerte,460,2019.250000,460,8
groovy,2992,2019.250000,2992,4
hydro,4636,2019.250000,4636,2
indigo,6895,2019.250000,6865,1
jade,1947,2019.250000,1947,5
kinetic,3756,2019.250000,3633,3
lunar,1173,2019.250000,1147,6
melodic,1067,2019.250000,956,7
ardent,199,2019.250000,199,11
bouncy,201,2019.250000,201,10
crystal,311,2019.250000,272,9
dashing,NA,2019.250000,NA,13
eloquent,NA,2019.250000,NA,14
fuerte,460,2019.330000,460,8
groovy,2992,2019.330000,2992,4
hydro,4636,2019.330000,4636,2
indigo,6908,2019.330000,6895,1
jade,1947,2019.330000,1947,5
kinetic,3842,2019.330000,3756,3
lunar,1200,2019.330000,1173,6
melodic,1145,2019.330000,1067,7
ardent,199,2019.330000,199,11
bouncy,201,2019.330000,201,10
crystal,333,2019.330000,311,9
dashing,88,2019.330000,NA,12
eloquent,NA,2019.330000,NA,14
fuerte,460,2019.410000,460,8
groovy,2992,2019.410000,2992,4
hydro,4636,2019.410000,4636,2
indigo,6916,2019.410000,6908,1
jade,1947,2019.410000,1947,5
kinetic,3896,2019.410000,3842,3
lunar,1223,2019.410000,1200,6
melodic,1190,2019.410000,1145,7
ardent,199,2019.410000,199,12
bouncy,201,2019.410000,201,11
crystal,343,2019.410000,333,9
dashing,245,2019.410000,88,10
eloquent,NA,2019.410000,NA,14
fuerte,460,2019.500000,460,8
groovy,2992,2019.500000,2992,4
hydro,4636,2019.500000,4636,2
indigo,6925,2019.500000,6916,1
jade,1947,2019.500000,1947,5
kinetic,3976,2019.500000,3896,3
lunar,1238,2019.500000,1223,7
melodic,1262,2019.500000,1190,6
ardent,199,2019.500000,199,12
bouncy,201,2019.500000,201,11
crystal,349,2019.500000,343,9
dashing,288,2019.500000,245,10
eloquent,3,2019.500000,NA,13
fuerte,460,2019.580000,460,8
groovy,2992,2019.580000,2992,4
hydro,4636,2019.580000,4636,2
indigo,6925,2019.580000,6925,1
jade,1947,2019.580000,1947,5
kinetic,4045,2019.580000,3976,3
lunar,1238,2019.580000,1238,7
melodic,1351,2019.580000,1262,6
ardent,199,2019.580000,199,12
bouncy,201,2019.580000,201,11
crystal,349,2019.580000,349,9
dashing,316,2019.580000,288,10
eloquent,7,2019.580000,3,13
fuerte,460,2019.660000,460,8
groovy,2992,2019.660000,2992,4
hydro,4636,2019.660000,4636,2
indigo,6925,2019.660000,6925,1
jade,1947,2019.660000,1947,5
kinetic,4144,2019.660000,4045,3
lunar,1238,2019.660000,1238,7
melodic,1453,2019.660000,1351,6
ardent,199,2019.660000,199,12
bouncy,201,2019.660000,201,11
crystal,362,2019.660000,349,10
dashing,371,2019.660000,316,9
eloquent,7,2019.660000,7,13
fuerte,460,2019.750000,460,8
groovy,2992,2019.750000,2992,4
hydro,4636,2019.750000,4636,2
indigo,6925,2019.750000,6925,1
jade,1947,2019.750000,1947,5
kinetic,4211,2019.750000,4144,3
lunar,1238,2019.750000,1238,7
melodic,1522,2019.750000,1453,6
ardent,199,2019.750000,199,12
bouncy,201,2019.750000,201,11
crystal,367,2019.750000,362,10
dashing,440,2019.750000,371,9
eloquent,97,2019.750000,7,13
fuerte,460,2019.830000,460,9
groovy,2992,2019.830000,2992,4
hydro,4636,2019.830000,4636,2
indigo,6925,2019.830000,6925,1
jade,1947,2019.830000,1947,5
kinetic,4268,2019.830000,4211,3
lunar,1238,2019.830000,1238,7
melodic,1589,2019.830000,1522,6
ardent,199,2019.830000,199,13
bouncy,201,2019.830000,201,12
crystal,374,2019.830000,367,10
dashing,530,2019.830000,440,8
eloquent,223,2019.830000,97,11
fuerte,460,2019.910000,460,9
groovy,2992,2019.910000,2992,4
hydro,4636,2019.910000,4636,2
indigo,6925,2019.910000,6925,1
jade,1947,2019.910000,1947,5
kinetic,4358,2019.910000,4268,3
lunar,1238,2019.910000,1238,7
melodic,1702,2019.910000,1589,6
ardent,199,2019.910000,199,13
bouncy,201,2019.910000,201,12
crystal,375,2019.910000,374,10
dashing,565,2019.910000,530,8
eloquent,308,2019.910000,223,11
fuerte,460,2020.000000,460,9
groovy,2992,2020.000000,2992,4
hydro,4636,2020.000000,4636,2
indigo,6925,2020.000000,6925,1
jade,1947,2020.000000,1947,5
kinetic,4409,2020.000000,4358,3
lunar,1238,2020.000000,1238,7
melodic,1755,2020.000000,1702,6
ardent,199,2020.000000,199,13
bouncy,201,2020.000000,201,12
crystal,382,2020.000000,375,10
dashing,602,2020.000000,565,8
eloquent,339,2020.000000,308,11
